"","sex","id","loop_nr","prey","territory","lat.nest","lon.nest","maxdist.loop","loop_quality","meandist.loop","mediandist.loop"
"1","f","A101f","0","mole","A101",46.1221,7.12417,550.38,1,159.389615384615,118.43
"2","f","A101f","1","mole","A101",46.1221,7.12417,580.52,2,433.45380952381,550.47
"3","f","A101f","2","larvae","A101",46.1221,7.12417,252.32,2,158.049361702128,189.11
"4","f","A101f","3","mole","A101",46.1221,7.12417,344.07,2,184.452727272727,206.91
"5","f","A101f","4","mole","A101",46.1221,7.12417,276.95,2,192.686,227.97
"6","f","A101f","5","mole","A101",46.1221,7.12417,301.38,2,164.133968253968,191.68
"7","f","A101f","6","mole","A101",46.1221,7.12417,337.41,2,192.805588235294,183.585
"8","f","A101f","7","mole","A101",46.1221,7.12417,346.9,2,234.0825,235.58
"9","f","A101f","8","mole","A101",46.1221,7.12417,327.61,2,222.076363636364,221.44
"10","f","A101f","9","mole","A101",46.1221,7.12417,252.2,2,174.989166666667,178.66
"11","f","A101f","10","mole","A101",46.1221,7.12417,242.71,2,152.569375,140.325
"12","f","A101f","11","mole","A101",46.1221,7.12417,277.52,2,193.972391304348,182.65
"13","f","A128f","0",NA,"A128",46.15635,7.20168,1947.01,1,733.887808219178,472.89
"14","f","A128f","1",NA,"A128",46.15635,7.20168,375.46,2,280.980769230769,340.52
"15","f","A128f","2","larvae","A128",46.15635,7.20168,4745.45,2,2566.30446428571,3004.79
"16","f","A128f","3",NA,"A128",46.15635,7.20168,514.17,2,285.6496,362.23
"17","f","A128f","4","mole","A128",46.15635,7.20168,49.28,2,15.4555555555556,11.64
"18","f","A128f","5","larvae","A128",46.15635,7.20168,105.47,2,38.6309090909091,24.845
"19","f","A128f","6","larvae","A128",46.15635,7.20168,259.25,2,148.221153846154,145.025
"20","f","A128f","7","mole","A128",46.15635,7.20168,257.39,2,108.73,68.84
"21","f","A128f","8","mole","A128",46.15635,7.20168,265.45,2,108.916,20.42
"22","f","A128f","9","mole","A128",46.15635,7.20168,247.42,2,143.702,215.56
"23","f","A128f","10","mole","A128",46.15635,7.20168,273.66,2,175.296,235.635
"24","f","A128f","11","mole","A128",46.15635,7.20168,247.55,2,97.205,68.545
"25","f","A128f","12","mole","A128",46.15635,7.20168,275.71,2,174.331176470588,247.43
"26","f","A128f","13","mole","A128",46.15635,7.20168,22.05,2,16.25,13.5
"27","f","A128f","14","mole","A128",46.15635,7.20168,288.42,2,138.519523809524,93.57
"28","f","A128f","15","mole","A128",46.15635,7.20168,278.54,2,188.525,237.35
"29","f","A128f","16","mole","A128",46.15635,7.20168,390.03,2,267.480769230769,331.01
"30","f","A128f","17","mole","A128",46.15635,7.20168,236.22,2,128.40125,128.475
"31","f","A128f","18","mole","A128",46.15635,7.20168,401.69,2,299.968846153846,339.535
"32","f","A128f","19","mole","A128",46.15635,7.20168,311.2,2,184.529545454545,230.855
"33","f","A128f","20","mole","A128",46.15635,7.20168,525.22,2,367.384545454545,459.56
"34","f","A128f","21","larvae","A128",46.15635,7.20168,282.89,2,134.091428571429,178.365
"35","f","A128f","22","larvae","A128",46.15635,7.20168,106.49,2,41.8483333333333,32.555
"36","f","A128f","23","mole","A128",46.15635,7.20168,158.92,2,97.7730434782609,90.51
"37","f","A128f","24","larvae","A128",46.15635,7.20168,276.62,2,151.527619047619,207.2
"38","f","A128f","25","mole","A128",46.15635,7.20168,178.67,2,100.383846153846,122.53
"39","f","A12f","0",NA,"A12",46.1241,7.1054,198.07,1,68.8344444444444,51.015
"40","f","A12f","1",NA,"A12",46.1241,7.1054,30.75,1,15.432,13.31
"41","f","A12f","2",NA,"A12",46.1241,7.1054,88.24,1,61.0030769230769,71.32
"42","f","A12f","3",NA,"A12",46.1241,7.1054,93.46,1,48.1534285714286,42.21
"43","f","A12f","4",NA,"A12",46.1241,7.1054,334.59,1,76.698813559322,53.63
"44","f","A12f","5",NA,"A12",46.1241,7.1054,47.9,1,36.9033333333333,37.08
"45","f","A12f","6",NA,"A12",46.1241,7.1054,40.54,1,21.6072727272727,19.74
"46","f","A12f","7","larvae","A12",46.1241,7.1054,75.53,1,50.6775,61.635
"47","f","A12f","8",NA,"A12",46.1241,7.1054,72.79,1,35.3888888888889,22.8
"48","f","A12f","9",NA,"A12",46.1241,7.1054,61.55,1,32.7766666666667,27.63
"49","f","A12f","10",NA,"A12",46.1241,7.1054,53.1,1,33.5833333333333,31.44
"50","f","A12f","11",NA,"A12",46.1241,7.1054,52.14,1,32.066,34.62
"51","f","A12f","12",NA,"A12",46.1241,7.1054,52.15,1,32.786,32.51
"52","f","A12f","13",NA,"A12",46.1241,7.1054,39.26,1,19.576,10.48
"53","f","A12f","14",NA,"A12",46.1241,7.1054,41.62,1,25.84625,28.77
"54","f","A12f","15",NA,"A12",46.1241,7.1054,58.63,1,36.845,42.4
"55","f","A12f","16",NA,"A12",46.1241,7.1054,33.91,1,23.7585714285714,30.83
"56","f","A12f","17","mole","A12",46.1241,7.1054,54.39,1,30.391,29.845
"57","f","A12f","18",NA,"A12",46.1241,7.1054,33.68,1,25.33,26.395
"58","f","A12f","19",NA,"A12",46.1241,7.1054,81.09,1,37.1716666666667,35.8
"59","f","A12f","20",NA,"A12",46.1241,7.1054,64.25,1,44.4883333333333,42.02
"60","f","A12f","21",NA,"A12",46.1241,7.1054,34.61,1,27.625,27.625
"61","f","A12f","22",NA,"A12",46.1241,7.1054,75.61,1,42.5766666666667,38.675
"62","f","A12f","23",NA,"A12",46.1241,7.1054,58.14,1,37.6292857142857,32.885
"63","f","A12f","24",NA,"A12",46.1241,7.1054,60.8,1,29.544,22.7
"64","f","A12f","25",NA,"A12",46.1241,7.1054,56.59,1,24.93625,16.69
"65","f","A12f","26",NA,"A12",46.1241,7.1054,32.7,1,19.27,16.15
"66","f","A12f","27",NA,"A12",46.1241,7.1054,134.17,1,56.27,54.56
"67","f","A12f","28",NA,"A12",46.1241,7.1054,65.69,1,30.7878260869565,29.68
"68","f","A12f","29",NA,"A12",46.1241,7.1054,60.72,1,29.3183333333333,25.945
"69","f","A12f","30",NA,"A12",46.1241,7.1054,20.38,1,14.8425,16.055
"70","f","A12f","31",NA,"A12",46.1241,7.1054,25.24,1,19.50875,20.095
"71","f","A12f","32",NA,"A12",46.1241,7.1054,69.56,1,36.4066666666667,39.28
"72","f","A12f","33",NA,"A12",46.1241,7.1054,72.64,1,34.6573684210526,33.27
"73","f","A12f","34",NA,"A12",46.1241,7.1054,84.46,1,54.274,58.63
"74","f","A12f","35",NA,"A12",46.1241,7.1054,64.41,1,42.639375,44.28
"75","f","A12f","36",NA,"A12",46.1241,7.1054,44.61,1,27.9528571428571,28.41
"76","f","A12f","37",NA,"A12",46.1241,7.1054,52.48,1,39.30375,42.55
"77","f","A12f","38",NA,"A12",46.1241,7.1054,138.49,1,44.34625,31.45
"78","f","A18f","0","larvae","A18",46.12981,7.11075,424.71,1,361.518484848485,374.38
"79","f","A18f","1","larvae","A18",46.12981,7.11075,197.24,2,166.816,188.5
"80","f","A18f","2",NA,"A18",46.12981,7.11075,197.74,2,96.9,73.9
"81","f","A18f","3","larvae","A18",46.12981,7.11075,203.68,2,197.7025,200.54
"82","f","A18f","4","larvae","A18",46.12981,7.11075,188.35,2,139.213333333333,169.33
"83","f","A18f","5","mole","A18",46.12981,7.11075,342.49,2,162.628703703704,160.23
"84","f","A18f","6","mole","A18",46.12981,7.11075,324.89,2,142.21,69.45
"85","f","A18f","7","mole","A18",46.12981,7.11075,370.26,2,219.884230769231,249.28
"86","f","A18f","8","mole","A18",46.12981,7.11075,340.51,2,214.931428571429,270.51
"87","f","A18f","9","mole","A18",46.12981,7.11075,370.01,2,209.683333333333,220.53
"88","f","A18f","10","mole","A18",46.12981,7.11075,249.61,2,109.902777777778,101.635
"89","f","A18f","11","mole","A18",46.12981,7.11075,364.94,2,263.051034482759,301.66
"90","f","A18f","12","mole","A18",46.12981,7.11075,224.25,2,224.25,224.25
"91","f","A18f","13","mole","A18",46.12981,7.11075,354.88,2,286.758571428571,299.08
"92","f","A18f","14","mole","A18",46.12981,7.11075,352.56,2,255.278181818182,307.43
"93","f","A18f","15","mole","A18",46.12981,7.11075,376.62,2,238.600625,270.39
"94","f","A18f","16","mole","A18",46.12981,7.11075,281.25,2,255.635,259.15
"95","f","A18f","17","mole","A18",46.12981,7.11075,330.36,2,271.02,310.44
"96","f","A18f","18","mole","A18",46.12981,7.11075,227.53,2,126.815,126.815
"97","f","A18f","19","mole","A18",46.12981,7.11075,259.45,2,224.255,224.255
"98","f","A18f","20","mole","A18",46.12981,7.11075,280.3,2,185.3125,201.26
"99","f","A18f","21",NA,"A18",46.12981,7.11075,409.03,2,248.378333333333,255.025
"100","f","A18f","22","mole","A18",46.12981,7.11075,368.12,2,261.462857142857,353.39
"101","f","A18f","23",NA,"A18",46.12981,7.11075,312.61,1,241.552727272727,258.3
"102","f","A18f","24",NA,"A18",46.12981,7.11075,359.95,2,241.677619047619,248.47
"103","f","A18f","25",NA,"A18",46.12981,7.11075,418.21,1,342.3625,401.03
"104","f","A18f","26",NA,"A18",46.12981,7.11075,486.02,1,351.11020979021,371.58
"105","f","A18f","27",NA,"A18",46.12981,7.11075,48.63,1,32.366,35.45
"106","f","A42f","0","","A42",46.14555,7.13395,489.24,NA,133.022285714286,109.84
"107","f","A42f","1","larvae","A42",46.14555,7.13395,96.65,2,35.562,28.18
"108","f","A42f","2","mole","A42",46.14555,7.13395,41.05,2,35.135,35.135
"109","f","A42f","3","mole","A42",46.14555,7.13395,157.78,2,68.375,61.47
"110","f","A42f","4","mole","A42",46.14555,7.13395,148.13,2,87.3281818181818,118.065
"111","f","A42f","5","mole","A42",46.14555,7.13395,20.05,2,19.065,19.065
"112","f","A42f","6","mole","A42",46.14555,7.13395,193.82,2,68.9198734177215,60.22
"113","f","A42f","7","mole","A42",46.14555,7.13395,110.35,2,62.338,76.61
"114","f","A42f","8","mole","A42",46.14555,7.13395,111.81,2,62.6628571428571,66.99
"115","f","A42f","9","mole","A42",46.14555,7.13395,140.35,2,97.9971428571429,115.98
"116","f","A42f","10","mole","A42",46.14555,7.13395,52.32,2,35.5745454545455,38.46
"117","f","A42f","11","mole","A42",46.14555,7.13395,13.66,2,11.575,11.575
"118","f","A42f","12","mole","A42",46.14555,7.13395,112,2,69.615,63.33
"119","f","A47f","0","","A47",46.147507,7.142315,372.98,NA,253.595,253.595
"120","f","A47f","1","larvae","A47",46.147507,7.142315,174.27,2,71.72,49.85
"121","f","A47f","2","larvae","A47",46.147507,7.142315,96.01,2,60.425,64.595
"122","f","A47f","3","larvae","A47",46.147507,7.142315,367.21,2,229.019090909091,342.83
"123","f","A47f","4","mole","A47",46.147507,7.142315,47.73,2,32.1475,32.79
"124","f","A47f","5","larvae","A47",46.147507,7.142315,128.2,2,73.9175,64.87
"125","f","A47f","6","larvae","A47",46.147507,7.142315,33.13,2,23.5025,23.46
"126","f","A47f","7","larvae","A47",46.147507,7.142315,195.08,2,93.6566666666667,96.045
"127","f","A47f","8","mole","A47",46.147507,7.142315,124.85,2,101.171666666667,113.055
"128","f","A47f","9","mole","A47",46.147507,7.142315,352.34,2,177.0675,179.925
"129","f","A47f","10","mole","A47",46.147507,7.142315,368.51,2,261.0625,334.47
"130","f","A47f","11",NA,"A47",46.147507,7.142315,341.79,2,187.582857142857,119.42
"131","f","A47f","12","mole","A47",46.147507,7.142315,348.26,2,204.666666666667,213.62
"132","f","A47f","13","mole","A47",46.147507,7.142315,629.02,2,378.683076923077,372.06
"133","f","A47f","14","mole","A47",46.147507,7.142315,380.2,2,191.323846153846,240.85
"134","f","A47f","15","mole","A47",46.147507,7.142315,380.55,2,162.392941176471,62.05
"135","f","A47f","16","mole","A47",46.147507,7.142315,463.5,2,359.860833333333,386.35
"136","f","A47f","17","mole","A47",46.147507,7.142315,348.59,2,181.493333333333,171.2
"137","f","A47f","18","mole","A47",46.147507,7.142315,516.8,2,412.223333333333,480.87
"138","f","A47f","19","mole","A47",46.147507,7.142315,539.44,2,315.064285714286,356.96
"139","f","A47f","20","mole","A47",46.147507,7.142315,309.84,2,261.501111111111,291.53
"140","f","A47f","21","mole","A47",46.147507,7.142315,450.9,2,348.91625,403.57
"141","f","A47f","22","mole","A47",46.147507,7.142315,489.29,2,367.892692307692,382.375
"142","f","A47f","23","mole","A47",46.147507,7.142315,439.3,2,294.898666666667,359.96
"143","f","A47f","24",NA,"A47",46.147507,7.142315,582.02,2,356.785454545455,427.535
"144","f","A47f","25","mole","A47",46.147507,7.142315,503.05,2,311.631363636364,410.17
"145","f","A68f","0",NA,"A68",46.16544,7.17018,395.03,1,156.690465116279,134.71
"146","f","A68f","1",NA,"A68",46.16544,7.17018,195.03,1,129.768424657534,133.13
"147","f","A68f","2",NA,"A68",46.16544,7.17018,126.18,1,98.5571428571429,114.63
"148","f","A68f","3",NA,"A68",46.16544,7.17018,46.77,1,19.5172727272727,18.03
"149","f","A68f","4",NA,"A68",46.16544,7.17018,44.21,1,28.3809523809524,30.16
"150","f","A68f","5",NA,"A68",46.16544,7.17018,48.02,1,26.4563888888889,26.26
"151","f","A68f","6",NA,"A68",46.16544,7.17018,39.12,1,23.9009090909091,24.22
"152","f","A68f","7",NA,"A68",46.16544,7.17018,28.88,1,17.8533333333333,19.01
"153","f","A68f","8",NA,"A68",46.16544,7.17018,25.67,1,15.79,16.35
"154","f","A68f","9",NA,"A68",46.16544,7.17018,21.62,1,13.7466666666667,12.33
"155","f","A68f","10",NA,"A68",46.16544,7.17018,19.43,1,13.33,13.14
"156","f","A68f","11",NA,"A68",46.16544,7.17018,46.01,1,20.7986363636364,15.9
"157","f","A68f","12",NA,"A68",46.16544,7.17018,24.61,1,15.1485714285714,12.79
"158","f","A68f","13",NA,"A68",46.16544,7.17018,13.72,1,7.664,6.74
"159","f","A68f","14",NA,"A68",46.16544,7.17018,14.48,1,11.045,11.045
"160","f","A68f","15",NA,"A68",46.16544,7.17018,146.3,1,111.4609375,121.495
"161","f","A68f","16",NA,"A68",46.16544,7.17018,106.65,1,52.8335294117647,38.18
"162","f","A68f","17",NA,"A68",46.16544,7.17018,164.23,1,120.828148148148,129.38
"163","f","A98f","0","larvae","A98",46.11738,7.11739,547.15,1,334.969411764706,398.395
"164","f","A98f","1","larvae","A98",46.11738,7.11739,407.85,2,160.580909090909,189.24
"165","f","A98f","2","larvae","A98",46.11738,7.11739,405.15,2,215.14875,237.37
"166","f","A98f","3","larvae","A98",46.11738,7.11739,405.68,2,252.0175,388.48
"167","f","A98f","4","larvae","A98",46.11738,7.11739,392.25,2,177.091,132.205
"168","f","A98f","5","larvae","A98",46.11738,7.11739,400.17,2,242.826,389.82
"169","f","A98f","6","larvae","A98",46.11738,7.11739,424.28,2,343.509,388.75
"170","f","A98f","7","larvae","A98",46.11738,7.11739,427.91,2,242.69875,320.32
"171","f","A98f","8","larvae","A98",46.11738,7.11739,393.89,2,98.9461111111111,30.145
"172","f","A98f","9","larvae","A98",46.11738,7.11739,436.18,2,226.415909090909,209.62
"173","f","A98f","10","larvae","A98",46.11738,7.11739,392.38,2,137.341666666667,62.48
"174","f","A98f","11","larvae","A98",46.11738,7.11739,398.1,2,208.538461538462,125.83
"175","f","A98f","12","larvae","A98",46.11738,7.11739,91.14,2,72.4383333333333,84.93
"176","f","A98f","13","larvae","A98",46.11738,7.11739,48.85,2,30.0533333333333,29.4
"177","f","A98f","14","larvae","A98",46.11738,7.11739,121.27,2,85.9486666666667,89.22
"178","f","A98f","15","larvae","A98",46.11738,7.11739,43.28,2,33.315,33.315
"179","f","A98f","16","larvae","A98",46.11738,7.11739,67.54,2,43.5,43.5
"180","f","A98f","17","larvae","A98",46.11738,7.11739,82.53,2,73.2225,73.6
"181","f","A98f","18","larvae","A98",46.11738,7.11739,118.38,2,118.38,118.38
"182","f","A98f","19","larvae","A98",46.11738,7.11739,33.75,2,33.75,33.75
"183","f","A98f","20","larvae","A98",46.11738,7.11739,20.59,2,20.59,20.59
"184","f","A98f","21","larvae","A98",46.11738,7.11739,40.38,2,40.38,40.38
"185","f","A98f","22","larvae","A98",46.11738,7.11739,35.79,2,24.0533333333333,29.83
"186","f","A98f","23","larvae","A98",46.11738,7.11739,420.65,2,184.598571428571,179.98
"187","f","A98f","24","larvae","A98",46.11738,7.11739,6.39,2,6.39,6.39
"188","f","A98f","25","larvae","A98",46.11738,7.11739,32.46,2,32.46,32.46
"189","f","A98f","26","larvae","A98",46.11738,7.11739,30.02,2,27.375,27.375
"190","f","A98f","27","larvae","A98",46.11738,7.11739,111.34,2,60.9442857142857,55.05
"191","f","A98f","28","cricket","A98",46.11738,7.11739,100.11,2,71.1542857142857,85
"192","f","A98f","29","larvae","A98",46.11738,7.11739,24.53,2,24.53,24.53
"193","f","A98f","30",NA,"A98",46.11738,7.11739,32.48,2,21.3757142857143,20.14
"194","f","A98f","31","larvae","A98",46.11738,7.11739,51.91,2,39.97,45.76
"195","f","A98f","32","larvae","A98",46.11738,7.11739,173.75,2,75.18,59.29
"196","f","A98f","33","larvae","A98",46.11738,7.11739,177.21,2,142.66,142.66
"197","f","A98f","34","larvae","A98",46.11738,7.11739,188.92,2,138.1725,180.025
"198","f","A98f","35","larvae","A98",46.11738,7.11739,187.02,2,187.02,187.02
"199","f","A98f","36","larvae","A98",46.11738,7.11739,176.91,2,176.91,176.91
"200","f","A98f","37","larvae","A98",46.11738,7.11739,163.79,2,163.79,163.79
"201","f","A98f","38","larvae","A98",46.11738,7.11739,54.52,2,25.835,18.89
"202","f","A98f","39","larvae","A98",46.11738,7.11739,176.94,2,128.81,171.33
"203","f","A98f","40","larvae","A98",46.11738,7.11739,80.71,2,39.0942857142857,28.83
"204","f","A98f","41","larvae","A98",46.11738,7.11739,247.14,2,127.755,127.755
"205","f","A98f","42","larvae","A98",46.11738,7.11739,193.19,2,118.318333333333,98.065
"206","f","A98f","43","larvae","A98",46.11738,7.11739,25.87,2,19.51,19.51
"207","f","A98f","44","larvae","A98",46.11738,7.11739,164.22,2,117.97,117.97
"208","f","A98f","45","larvae","A98",46.11738,7.11739,83.19,2,40.9025,29.42
"209","f","A98f","46","larvae","A98",46.11738,7.11739,14.3,2,14.3,14.3
"210","f","A98f","47","larvae","A98",46.11738,7.11739,20.37,2,20.37,20.37
"211","f","A98f","48","larvae","A98",46.11738,7.11739,29.34,2,29.34,29.34
"212","f","A98f","49","larvae","A98",46.11738,7.11739,41.97,2,30.05,30.05
"213","f","A98f","50","larvae","A98",46.11738,7.11739,416.07,2,135.92,44.09
"214","f","A98f","51","larvae","A98",46.11738,7.11739,193.16,2,151.203333333333,179.7
"215","f","A98f","52","larvae","A98",46.11738,7.11739,204.8,2,77.7883333333333,38.64
"216","f","A98f","53","larvae","A98",46.11738,7.11739,29.52,2,21.465,21.465
"217","f","A98f","54","larvae","A98",46.11738,7.11739,190.43,2,131.896666666667,189.86
"218","f","A98f","55","larvae","A98",46.11738,7.11739,597.89,2,383.453666666667,357.715
"219","f","A98f","56","larvae","A98",46.11738,7.11739,22.57,2,17.33,17.33
"220","f","A98f","57","larvae","A98",46.11738,7.11739,46.64,2,46.64,46.64
"221","f","A98f","58","larvae","A98",46.11738,7.11739,47.22,2,47.22,47.22
"222","f","A98f","59","larvae","A98",46.11738,7.11739,50.89,2,50.89,50.89
"223","f","A98f","60","larvae","A98",46.11738,7.11739,121.31,2,56.6175,54.495
"224","f","A98f","61","larvae","A98",46.11738,7.11739,193.46,2,62.4155555555556,39.88
"225","f","A98f","62","larvae","A98",46.11738,7.11739,199.63,2,134.605,182.02
"226","f","A98f","63","larvae","A98",46.11738,7.11739,179.92,2,90.61,88.74
"227","f","A98f","64","larvae","A98",46.11738,7.11739,195.6,2,149.874,175.2
"228","f","A98f","65","larvae","A98",46.11738,7.11739,10.3,2,9.875,9.875
"229","f","A98f","66","larvae","A98",46.11738,7.11739,10.25,2,10.25,10.25
"230","f","A98f","67","larvae","A98",46.11738,7.11739,16.31,2,11.02,11.02
"231","f","A98f","68","larvae","A98",46.11738,7.11739,70.59,2,70.59,70.59
"232","f","A98f","69","larvae","A98",46.11738,7.11739,77.75,2,51.0266666666667,63.6
"233","f","A98f","70","larvae","A98",46.11738,7.11739,82.34,2,72.0416666666667,73.615
"234","f","A98f","71","larvae","A98",46.11738,7.11739,185.93,2,96.755,89.45
"235","f","A98f","72","larvae","A98",46.11738,7.11739,44.31,2,28.0766666666667,24.57
"236","f","A98f","73","larvae","A98",46.11738,7.11739,204.71,2,87.2,96.13
"237","f","A98f","74","larvae","A98",46.11738,7.11739,19.38,2,15.8766666666667,15.15
"238","f","A98f","75","larvae","A98",46.11738,7.11739,15.24,2,11.135,11.22
"239","f","A98f","76","larvae","A98",46.11738,7.11739,24.13,2,10.8,6.21
"240","f","A98f","77","larvae","A98",46.11738,7.11739,182.79,2,86.3578571428571,85.31
"241","f","A98f","78","larvae","A98",46.11738,7.11739,200.05,2,138.002,192.64
"242","f","A98f","79","larvae","A98",46.11738,7.11739,218.47,2,182.357333333333,186.35
"243","f","A98f","80","larvae","A98",46.11738,7.11739,396.88,2,309.766363636364,374.85
"244","f","A98f","81","larvae","A98",46.11738,7.11739,381.58,2,143.57,43.88
"245","f","A98f","82","larvae","A98",46.11738,7.11739,396.56,2,304.609090909091,381.51
"246","f","A98f","83","larvae","A98",46.11738,7.11739,408.91,2,297.521818181818,389.88
"247","f","B42f","0",NA,"B42",46.18089,7.24475,2110.97,1,1586.61352941176,1903.545
"248","f","B42f","1","spider","B42",46.18089,7.24475,200.19,2,52.405,38.6
"249","f","B42f","2","larvae","B42",46.18089,7.24475,208.92,2,109.592727272727,116.88
"250","f","B42f","3","larvae","B42",46.18089,7.24475,284.26,2,231.844545454545,231.27
"251","f","B42f","4","larvae","B42",46.18089,7.24475,391.2,2,251.653076923077,230.78
"252","f","B42f","5","larvae","B42",46.18089,7.24475,407.13,2,263.468333333333,260.325
"253","f","B42f","6","larvae","B42",46.18089,7.24475,383.03,2,134.874285714286,37.27
"254","f","B42f","7","larvae","B42",46.18089,7.24475,400.71,2,329.951428571429,375.52
"255","f","B42f","8","larvae","B42",46.18089,7.24475,404.43,2,259.421428571429,207.24
"256","f","B42f","9",NA,"B42",46.18089,7.24475,423.18,2,365.535384615385,384.12
"257","f","B42f","10","larvae","B42",46.18089,7.24475,393.33,2,225.56,213.31
"258","f","B42f","11","larvae","B42",46.18089,7.24475,420.61,2,343.139166666667,386.665
"259","f","B42f","12","mole","B42",46.18089,7.24475,1724.47,2,287.338867924528,36.72
"260","f","B42f","13","mole","B42",46.18089,7.24475,17.54,2,16.015,16.015
"261","f","B42f","14","mole","B42",46.18089,7.24475,187.39,2,71.838,66.78
"262","f","B42f","15","mole","B42",46.18089,7.24475,2332.67,2,1558.60034482759,2274.3
"263","f","B42f","16","mole","B42",46.18089,7.24475,2491.91,2,1870.24622641509,2441.62
"264","f","B42f","17","larvae","B42",46.18089,7.24475,374.92,2,176.73,137.8
"265","f","B42f","18",NA,"B42",46.18089,7.24475,2277.14,2,1192.64176470588,1623.825
"266","f","B9f","0","larvae","B9",46.19927,7.27793,488.4,1,273.545454545455,247.6
"267","f","B9f","1","larvae","B9",46.19927,7.27793,494.7,2,276.167741935484,315.6
"268","f","B9f","2","spider","B9",46.19927,7.27793,564.9,2,429.32,487.35
"269","f","B9f","3","mole","B9",46.19927,7.27793,1619.6,2,1046.48732394366,1260.9
"270","f","B9f","4",NA,"B9",46.19927,7.27793,659.4,2,534.694117647059,615.95
"271","f","B9f","5","larvae","B9",46.19927,7.27793,678,2,473.343333333333,467.75
"272","f","B9f","6","larvae","B9",46.19927,7.27793,486.3,2,390.2375,472.15
"273","f","B9f","7","larvae","B9",46.19927,7.27793,466,2,376.81,440.35
"274","f","B9f","8",NA,"B9",46.19927,7.27793,483.1,2,421.5375,470.65
"275","f","B9f","9","mole","B9",46.19927,7.27793,482.8,2,389.033333333333,469.8
"276","f","B9f","10",NA,"B9",46.19927,7.27793,473.2,2,424.233333333333,463.3
"277","f","B9f","11","larvae","B9",46.19927,7.27793,452.9,2,243.45,228.85
"278","f","B9f","12","larvae","B9",46.19927,7.27793,466.2,2,348.027272727273,457.5
"279","f","B9f","13","mole","B9",46.19927,7.27793,531.2,2,420.148484848485,499.35
"280","f","B9f","14","larvae","B9",46.19927,7.27793,518,2,433.81935483871,466.8
"281","f","B9f","15","larvae","B9",46.19927,7.27793,516.8,2,399.90625,467.65
"282","f","B9f","16","larvae","B9",46.19927,7.27793,472.2,2,286.316666666667,350.15
"283","f","B9f","17","larvae","B9",46.19927,7.27793,483.9,2,400.028571428571,461.1
"284","f","B9f","18","larvae","B9",46.19927,7.27793,514,2,410.973333333333,471.9
"285","f","B9f","19","mole","B9",46.19927,7.27793,460.3,2,363.59,440.25
"286","f","B9f","20","mole","B9",46.19927,7.27793,474.8,2,348.363636363636,452.8
"287","f","D7f","0","mole","D7",46.25367,7.43016,845.45,1,590.7296875,611.765
"288","f","D7f","1","larvae","D7",46.25367,7.43016,37.45,2,23.28,24.725
"289","f","D7f","2","larvae","D7",46.25367,7.43016,28.13,2,23.058,24.4
"290","f","D7f","3","larvae","D7",46.25367,7.43016,29.78,2,26.1766666666667,24.94
"291","f","D7f","4","larvae","D7",46.25367,7.43016,34.47,2,18.5175,18.285
"292","f","D7f","5",NA,"D7",46.25367,7.43016,20.77,2,13.745,13.745
"293","f","D7f","6","larvae","D7",46.25367,7.43016,121.39,2,60.3675,61.585
"294","f","D7f","7","larvae","D7",46.25367,7.43016,49.99,2,41.69,41.69
"295","f","D7f","8","larvae","D7",46.25367,7.43016,280.51,2,179.486666666667,215.06
"296","f","D7f","9","mole","D7",46.25367,7.43016,86.23,2,45.615,44.29
"297","f","D7f","11","mole","D7",46.25367,7.43016,209.91,2,123.853636363636,138.17
"298","f","D7f","12","larvae","D7",46.25367,7.43016,91.08,2,67.0866666666667,85.81
"299","f","D7f","13","mole","D7",46.25367,7.43016,76.55,2,52.09,54.49
"300","f","D7f","14","mole","D7",46.25367,7.43016,296.8,2,242.986,272.01
"301","f","D7f","15","mole","D7",46.25367,7.43016,197.03,2,134.93875,159.385
"302","f","D7f","16","mole","D7",46.25367,7.43016,264.27,2,175.651666666667,228.14
"303","f","D7f","17","mole","D7",46.25367,7.43016,277.53,2,158.9465,157.565
"304","f","D7f","18","mole","D7",46.25367,7.43016,178.03,2,91.42,91.42
"305","f","D7f","19","larvae","D7",46.25367,7.43016,152.22,2,85.17,85.17
"306","f","D7f","20","mole","D7",46.25367,7.43016,217.28,2,182.866363636364,181.28
"307","f","D7f","21","mole","D7",46.25367,7.43016,180.8,2,173.9625,173.795
"308","f","D7f","22","mole","D7",46.25367,7.43016,234.74,2,195.215,192.785
"309","f","D7f","23","mole","D7",46.25367,7.43016,268.21,2,161.808181818182,165.93
"310","f","D7f","24","mole","D7",46.25367,7.43016,386.63,2,226.543125,236.29
"311","f","D7f","25","larvae","D7",46.25367,7.43016,50.66,2,29.884,26.18
"312","f","D7f","26","mole","D7",46.25367,7.43016,141.53,2,99.465,91.905
"313","f","D7f","27","mole","D7",46.25367,7.43016,158.24,2,136.702,141.08
"314","f","D7f","28","mole","D7",46.25367,7.43016,49.03,2,30.463,28.125
"315","f","D7f","29","larvae","D7",46.25367,7.43016,23.63,2,11.89,11.3
"316","f","D7f","30","mole","D7",46.25367,7.43016,289.47,2,179.265,195.215
"317","f","D7f","31","larvae","D7",46.25367,7.43016,349.24,2,286.648,299.395
"318","f","D7f","32","mole","D7",46.25367,7.43016,338.31,2,189.746774193548,250.31
"319","f","D7f","33","mole","D7",46.25367,7.43016,46.3,2,34.1883333333333,35.095
"320","f","D7f","34","larvae","D7",46.25367,7.43016,53.66,2,24.465,18.975
"321","f","D7f","35","mole","D7",46.25367,7.43016,78.15,2,16.1617647058824,11.49
"322","f","D7f","36","mole","D7",46.25367,7.43016,119.4,2,53.35,28.52
"323","f","D7f","37","mole","D7",46.25367,7.43016,54.38,2,26.1589473684211,26.5
"324","f","D7f","38","mole","D7",46.25367,7.43016,439.2,2,267.357818181818,319.92
"325","f","D7f","39","larvae","D7",46.25367,7.43016,39.65,2,24.82,25.52
"326","f","D7f","40","mole","D7",46.25367,7.43016,60.32,2,26.9308333333333,24.945
"327","f","D7f","41","larvae","D7",46.25367,7.43016,28.58,2,20.805,20.805
"328","f","D7f","42","mole","D7",46.25367,7.43016,123.04,2,50.59875,46.23
"329","f","D7f","43","mole","D7",46.25367,7.43016,160.98,2,104.674285714286,112.93
"330","f","D7f","44","mole","D7",46.25367,7.43016,144.78,2,96.56,107.115
"331","f","D7f","45","mole","D7",46.25367,7.43016,171.75,2,122.36,124.07
"332","m","A101m","0","mole","A101",46.1221,7.12417,838.72,1,493.439538461538,596.95
"333","m","A101m","1","mole","A101",46.1221,7.12417,372.34,1,192.640606060606,130.3
"334","m","A101m","2","mole","A101",46.1221,7.12417,193.36,1.94736842105263,95.9847368421053,102.18
"335","m","A101m","3","mole","A101",46.1221,7.12417,255.97,2,160.394090909091,186.805
"336","m","A101m","4","mole","A101",46.1221,7.12417,229.3,2,156.096666666667,143.91
"337","m","A101m","5","mole","A101",46.1221,7.12417,270.27,2,213.597777777778,231.62
"338","m","A101m","6","mole","A101",46.1221,7.12417,259.11,2,202.631538461538,228.5
"339","m","A101m","7","mole","A101",46.1221,7.12417,265.01,2,170.90125,173.575
"340","m","A101m","8","mole","A101",46.1221,7.12417,319.15,2,151.498684210526,131.86
"341","m","A101m","9","mole","A101",46.1221,7.12417,132.23,2,99.4733333333333,117.79
"342","m","A101m","10","mole","A101",46.1221,7.12417,208.69,2,144.14,174.93
"343","m","A101m","11","mole","A101",46.1221,7.12417,259.27,2,193.996428571429,197.355
"344","m","A101m","12","mole","A101",46.1221,7.12417,146.36,2,75.98,75.98
"345","m","A101m","13","mole","A101",46.1221,7.12417,158.89,2,105.463333333333,86.68
"346","m","A101m","14","mole","A101",46.1221,7.12417,353.24,2,190.144242424242,199.845
"347","m","A101m","15","mole","A101",46.1221,7.12417,383.95,2,188.554210526316,207.155
"348","m","A101m","16","mole","A101",46.1221,7.12417,263.5,2,154.683333333333,164.975
"349","m","A101m","17","mole","A101",46.1221,7.12417,201.26,2,157.483888888889,168.56
"350","m","A101m","18","mole","A101",46.1221,7.12417,273.74,2,191.821052631579,204.5
"351","m","A101m","19","mole","A101",46.1221,7.12417,236.59,2,184.424285714286,195.725
"352","m","A101m","20","mole","A101",46.1221,7.12417,275.72,2,219.019333333333,214.97
"353","m","A101m","21","mole","A101",46.1221,7.12417,159.03,2,137.65,137.65
"354","m","A101m","22","mole","A101",46.1221,7.12417,191.18,2,156.368333333333,152.94
"355","m","A101m","23","mole","A101",46.1221,7.12417,163.93,2,115.246,126.27
"356","m","A101m","24","mole","A101",46.1221,7.12417,263.15,2,171.514166666667,179.68
"357","m","A101m","25","mole","A101",46.1221,7.12417,301.36,1,204.766,209.16
"358","m","A128m","0","larvae","A128",46.15635,7.20168,473.09,1,220.86511627907,176.76
"359","m","A128m","1","mole","A128",46.15635,7.20168,470.56,2,192.603333333333,147.9
"360","m","A128m","2","mole","A128",46.15635,7.20168,464.5,2,313.496666666667,459.25
"361","m","A128m","3","mole","A128",46.15635,7.20168,461.06,2,323.235714285714,258.12
"362","m","A128m","4","mole","A128",46.15635,7.20168,480.6,2,341.332307692308,454.61
"363","m","A128m","5","mole","A128",46.15635,7.20168,490.84,2,403.158,436.555
"364","m","A128m","6","mole","A128",46.15635,7.20168,461.66,2,407.340625,439.715
"365","m","A128m","7","larvae","A128",46.15635,7.20168,49.38,2,49.38,49.38
"366","m","A128m","8","larvae","A128",46.15635,7.20168,75.2,2,75.2,75.2
"367","m","A128m","9","larvae","A128",46.15635,7.20168,25.47,2,25.47,25.47
"368","m","A128m","10","larvae","A128",46.15635,7.20168,74.3,2,74.3,74.3
"369","m","A128m","11","larvae","A128",46.15635,7.20168,78.64,2,78.64,78.64
"370","m","A128m","12","mole","A128",46.15635,7.20168,483.85,2,292.455333333333,296.85
"371","m","A128m","13","mole","A128",46.15635,7.20168,487.1,2,430.666666666667,453.29
"372","m","A128m","14","mole","A128",46.15635,7.20168,466.62,2,302.904545454545,309
"373","m","A128m","15","mole","A128",46.15635,7.20168,505.82,2,190.161,180.29
"374","m","A128m","16","mole","A128",46.15635,7.20168,592.54,2,481.895833333333,527.17
"375","m","A128m","18","mole","A128",46.15635,7.20168,452.57,2,264.7275,268.155
"376","m","A128m","19","mole","A128",46.15635,7.20168,554.01,2,434.89375,482.29
"377","m","A128m","20","mole","A128",46.15635,7.20168,332.59,2,260.697142857143,294
"378","m","A128m","21","mole","A128",46.15635,7.20168,526.01,2,436.829090909091,466.13
"379","m","A128m","22","mole","A128",46.15635,7.20168,399.5,2,290.24,320.56
"380","m","A128m","23","mole","A128",46.15635,7.20168,332.44,2,332.44,332.44
"381","m","A128m","24","mole","A128",46.15635,7.20168,444.33,2,317.276666666667,331.02
"382","m","A128m","25","mole","A128",46.15635,7.20168,447.46,2,189.68,146.23
"383","m","A128m","26","mole","A128",46.15635,7.20168,557.24,2,491.022631578947,528.55
"384","m","A128m","27","mole","A128",46.15635,7.20168,566.81,2,528.23,560.39
"385","m","A128m","28","mole","A128",46.15635,7.20168,567.6,2,506.128571428571,529.45
"386","m","A128m","29","mole","A128",46.15635,7.20168,394.91,2,360.046666666667,388.81
"387","m","A128m","30","mole","A128",46.15635,7.20168,289.82,2,224.93,263.46
"388","m","A128m","31","mole","A128",46.15635,7.20168,405.31,2,295.451428571429,317.01
"389","m","A128m","32","mole","A128",46.15635,7.20168,594.71,2,416.477,517.56
"390","m","A128m","33","mole","A128",46.15635,7.20168,419.98,2,375.135,397.58
"391","m","A128m","34","mole","A128",46.15635,7.20168,404.35,2,177.945263157895,133.99
"392","m","A128m","35","mole","A128",46.15635,7.20168,423.69,2,379.898333333333,387.33
"393","m","A128m","36","mole","A128",46.15635,7.20168,429.32,2,358.928571428571,384.69
"394","m","A128m","37","mole","A128",46.15635,7.20168,341.54,2,255.8,255.8
"395","m","A128m","38","mole","A128",46.15635,7.20168,312.06,2,230.168823529412,209.2
"396","m","A128m","39","mole","A128",46.15635,7.20168,638.68,2,510.335,479
"397","m","A128m","40","mole","A128",46.15635,7.20168,495.3,2,354.806,435.61
"398","m","A128m","41","mole","A128",46.15635,7.20168,654.51,2,488.328888888889,592.045
"399","m","A128m","42","mole","A128",46.15635,7.20168,485.31,2,378.565882352941,455.8
"400","m","A128m","43","mole","A128",46.15635,7.20168,474,2,390.858888888889,448.075
"401","m","A128m","44","mole","A128",46.15635,7.20168,478.85,2,215.0725,121.76
"402","m","A128m","45","mole","A128",46.15635,7.20168,478.37,2,440.941578947368,462.07
"403","m","A128m","46","mole","A128",46.15635,7.20168,497.77,2,349.184444444444,437.2
"404","m","A12m","0",NA,"A12",46.1241,7.1054,285.71,1,79.0761290322581,68.32
"405","m","A12m","1",NA,"A12",46.1241,7.1054,26.69,1,16.496,15.01
"406","m","A12m","2","mole","A12",46.1241,7.1054,21.75,1,14.605,14.605
"407","m","A12m","3",NA,"A12",46.1241,7.1054,76.51,1,51.3275,52.56
"408","m","A12m","4","mole","A12",46.1241,7.1054,69.79,1,38.58,37.92
"409","m","A12m","5","mole","A12",46.1241,7.1054,23.73,2,14.6766666666667,16.09
"410","m","A12m","6",NA,"A12",46.1241,7.1054,53.3,1,27.58125,17.655
"411","m","A12m","7",NA,"A12",46.1241,7.1054,38.29,1,23.6785714285714,25.36
"412","m","A12m","8",NA,"A12",46.1241,7.1054,70.14,1,28.32,12.96
"413","m","A12m","9",NA,"A12",46.1241,7.1054,20.01,1,11.7275,10.71
"414","m","A12m","10","mole","A12",46.1241,7.1054,37.49,1,23.9090909090909,25.55
"415","m","A12m","11","mole","A12",46.1241,7.1054,31.07,1,27.87,28.1
"416","m","A12m","12",NA,"A12",46.1241,7.1054,47.6,1,31.15,33.02
"417","m","A12m","13",NA,"A12",46.1241,7.1054,67.05,1,43.5011111111111,48.49
"418","m","A12m","14",NA,"A12",46.1241,7.1054,56.81,1,36.4516666666667,43.75
"419","m","A12m","15","mole","A12",46.1241,7.1054,43.49,1,30.0175,30.84
"420","m","A12m","16","mole","A12",46.1241,7.1054,46.92,1,39.85,39.68
"421","m","A12m","17",NA,"A12",46.1241,7.1054,38.92,1,24.747,25.27
"422","m","A12m","18",NA,"A12",46.1241,7.1054,68.49,1,43.7033333333333,47.07
"423","m","A12m","19",NA,"A12",46.1241,7.1054,15.38,1,12.94,12.94
"424","m","A12m","20",NA,"A12",46.1241,7.1054,27.9,1,16.4375,17.055
"425","m","A12m","21","mole","A12",46.1241,7.1054,29.77,1,17.8833333333333,15.3
"426","m","A12m","22",NA,"A12",46.1241,7.1054,59,1,27.8057142857143,16.41
"427","m","A12m","23",NA,"A12",46.1241,7.1054,48.57,1,33.564,43.94
"428","m","A12m","24","mole","A12",46.1241,7.1054,46.02,1,29.466,26.69
"429","m","A12m","25","mole","A12",46.1241,7.1054,45.28,1,21.4230769230769,18.54
"430","m","A12m","26","mole","A12",46.1241,7.1054,83.71,1,43.525,41.82
"431","m","A12m","27",NA,"A12",46.1241,7.1054,55.75,1,30.2175,26.53
"432","m","A12m","28",NA,"A12",46.1241,7.1054,80.85,1,41.85,34.445
"433","m","A12m","29",NA,"A12",46.1241,7.1054,199.59,1,93.4807142857143,88.805
"434","m","A12m","30",NA,"A12",46.1241,7.1054,92.92,1,30.911,24.58
"435","m","A12m","31",NA,"A12",46.1241,7.1054,140.49,1,65.65,55.665
"436","m","A12m","32","mole","A12",46.1241,7.1054,111.63,1,60.0207692307692,60.91
"437","m","A12m","33","mole","A12",46.1241,7.1054,74.11,1,51.6157142857143,52.49
"438","m","A12m","34",NA,"A12",46.1241,7.1054,105.07,1,68.4590909090909,73.37
"439","m","A12m","35",NA,"A12",46.1241,7.1054,37.16,1,19.29,15.285
"440","m","A12m","36",NA,"A12",46.1241,7.1054,66.43,1,44.53,35.03
"441","m","A12m","37",NA,"A12",46.1241,7.1054,41.8,1,32.6333333333333,35.02
"442","m","A12m","38",NA,"A12",46.1241,7.1054,105.78,1,77.5028571428571,75.775
"443","m","A12m","39","mole","A12",46.1241,7.1054,92.7,1,80.2711111111111,84.47
"444","m","A12m","40",NA,"A12",46.1241,7.1054,67.02,1,35.5166666666667,31.93
"445","m","A12m","41",NA,"A12",46.1241,7.1054,92.13,1,43.0075,32.865
"446","m","A12m","42",NA,"A12",46.1241,7.1054,65.17,1,38.5733333333333,42.56
"447","m","A12m","43",NA,"A12",46.1241,7.1054,92.65,1,49.9016666666667,52.03
"448","m","A12m","44",NA,"A12",46.1241,7.1054,104.43,1,66.6728571428571,68.05
"449","m","A12m","45",NA,"A12",46.1241,7.1054,99.51,1,72.232,79.31
"450","m","A12m","46","mole","A12",46.1241,7.1054,110.13,1,90.3333333333333,86.42
"451","m","A12m","47","mole","A12",46.1241,7.1054,107.31,1,76.5257142857143,86.9
"452","m","A12m","48","mole","A12",46.1241,7.1054,51.04,1,43.68,46.695
"453","m","A12m","49",NA,"A12",46.1241,7.1054,77.08,1,49.18,49.4
"454","m","A12m","50",NA,"A12",46.1241,7.1054,34.6,1,26.2166666666667,31.4
"455","m","A12m","51",NA,"A12",46.1241,7.1054,75.62,1,56.37,61.66
"456","m","A12m","52",NA,"A12",46.1241,7.1054,165.55,1,71.6515384615385,72.83
"457","m","A12m","53",NA,"A12",46.1241,7.1054,73,1,31.76875,28.99
"458","m","A12m","54","mole","A12",46.1241,7.1054,67.71,1,30.7933333333333,26.475
"459","m","A12m","55",NA,"A12",46.1241,7.1054,71.36,1,56.14,61.33
"460","m","A12m","56",NA,"A12",46.1241,7.1054,100.06,1,65.4047058823529,66.24
"461","m","A12m","57",NA,"A12",46.1241,7.1054,66.05,1,37.4275,33.765
"462","m","A12m","58",NA,"A12",46.1241,7.1054,99.38,1,65.61,65.465
"463","m","A12m","59",NA,"A12",46.1241,7.1054,71.65,1,52.104,66.49
"464","m","A12m","60",NA,"A12",46.1241,7.1054,85.58,1,38.0747368421053,34.55
"465","m","A12m","61","mole","A12",46.1241,7.1054,75.57,1,50.2525,62.8
"466","m","A12m","62","mole","A12",46.1241,7.1054,81.96,1,66.9169230769231,74.08
"467","m","A12m","63","mole","A12",46.1241,7.1054,103.44,1,54.7108333333333,50.73
"468","m","A12m","64","mole","A12",46.1241,7.1054,81.22,1,33.02,17.785
"469","m","A12m","65",NA,"A12",46.1241,7.1054,31.71,1,24.2775,27.485
"470","m","A18m","0","mole","A18",46.12981,7.11075,437.35,1,323.573764705882,377.13
"471","m","A18m","1","mole","A18",46.12981,7.11075,499.06,2,368.674366197183,396.89
"472","m","A42m","0",NA,"A42",46.14555,7.13395,461.8,1,281.115365853659,285.08
"473","m","A42m","1","larvae","A42",46.14555,7.13395,385.82,2,203.317,271.83
"474","m","A42m","2","larvae","A42",46.14555,7.13395,303.09,2,156.948888888889,151.4
"475","m","A42m","3","mole","A42",46.14555,7.13395,183.97,2,71.6466666666667,60.465
"476","m","A42m","4","mole","A42",46.14555,7.13395,328.02,2,176.74,165.24
"477","m","A42m","5","larvae","A42",46.14555,7.13395,364.7,2,266.363636363636,335.02
"478","m","A42m","6","mole","A42",46.14555,7.13395,357.94,2,249.60347826087,306.4
"479","m","A42m","7","mole","A42",46.14555,7.13395,290.19,2,218.510833333333,227.455
"480","m","A42m","8","larvae","A42",46.14555,7.13395,167.33,2,101.8,101.8
"481","m","A42m","9","larvae","A42",46.14555,7.13395,351.71,2,169.31875,154.69
"482","m","A42m","10","larvae","A42",46.14555,7.13395,313.38,2,160.51,150.305
"483","m","A42m","11","mole","A42",46.14555,7.13395,289.81,2,146.355,145.095
"484","m","A42m","12","mole","A42",46.14555,7.13395,353.17,2,160.6025,148.97
"485","m","A42m","13","mole","A42",46.14555,7.13395,166.24,2,113.272,114.06
"486","m","A42m","14","mole","A42",46.14555,7.13395,362.28,2,273.295454545455,340.91
"487","m","A42m","15","mole","A42",46.14555,7.13395,71.12,2,29.4471428571429,18.06
"488","m","A42m","16","mole","A42",46.14555,7.13395,79.6,2,34.7844444444444,26.74
"489","m","A42m","17","mole","A42",46.14555,7.13395,45.47,2,27.735,30.115
"490","m","A42m","18","mole","A42",46.14555,7.13395,103.32,2,72.8572727272727,78.66
"491","m","A42m","19","mole","A42",46.14555,7.13395,157.33,2,86.59,86.935
"492","m","A42m","20","mole","A42",46.14555,7.13395,369.86,2,137.317826086957,101.83
"493","m","A42m","21","mole","A42",46.14555,7.13395,73.98,2,45.1766666666667,43.02
"494","m","A42m","22",NA,"A42",46.14555,7.13395,345.16,1,230.547777777778,303.61
"495","m","A42m","23","mole","A42",46.14555,7.13395,220.07,2,77.3833333333333,49.13
"496","m","A42m","24",NA,"A42",46.14555,7.13395,290.87,1,210.805714285714,284.56
"497","m","A42m","25",NA,"A42",46.14555,7.13395,293.16,1,217.724285714286,273.845
"498","m","A42m","26","mole","A42",46.14555,7.13395,103.66,2,57.783125,48.735
"499","m","A42m","27","mole","A42",46.14555,7.13395,300,2,73.8426315789474,40.78
"500","m","A42m","28",NA,"A42",46.14555,7.13395,217.07,2,134.51125,137.68
"501","m","A42m","29",NA,"A42",46.14555,7.13395,199.46,2,72.814,42.97
"502","m","A42m","30","mole","A42",46.14555,7.13395,154.28,2,71.8735714285714,51.05
"503","m","A42m","31","mole","A42",46.14555,7.13395,327.46,2,255.556,307.92
"504","m","A42m","32","larvae","A42",46.14555,7.13395,40.11,2,27.746,29.15
"505","m","A42m","33","mole","A42",46.14555,7.13395,108.21,2,51.965,34.96
"506","m","A42m","34","mole","A42",46.14555,7.13395,326.85,2,225.093333333333,309.75
"507","m","A42m","35",NA,"A42",46.14555,7.13395,339.38,2,146.271666666667,38.645
"508","m","A42m","36","mole","A42",46.14555,7.13395,366.39,2,256.139459459459,303.04
"509","m","A68m","0","mole","A68",46.16544,7.17018,338.07,1,222.796956521739,217.78
"510","m","A68m","1",NA,"A68",46.16544,7.17018,129.94,1,51.6181818181818,52.83
"511","m","A68m","2","mole","A68",46.16544,7.17018,193.69,2,107.775714285714,147.9
"512","m","A68m","3","mole","A68",46.16544,7.17018,143.99,2,79.8866666666667,72.86
"513","m","A68m","4","mole","A68",46.16544,7.17018,562.18,2,182.8509375,191.965
"514","m","A68m","5",NA,"A68",46.16544,7.17018,192.83,2,108.729722222222,115.775
"515","m","A68m","6","mole","A68",46.16544,7.17018,46.14,2,34.4909090909091,35.96
"516","m","A68m","7",NA,"A68",46.16544,7.17018,91.08,2,60.2642857142857,63.83
"517","m","A68m","8",NA,"A68",46.16544,7.17018,105.79,1,66.186,63.27
"518","m","A68m","9","mole","A68",46.16544,7.17018,128.49,2,80.9166666666667,86.51
"519","m","A68m","10","mole","A68",46.16544,7.17018,68.27,2,68.27,68.27
"520","m","A68m","11","mole","A68",46.16544,7.17018,552.45,2,215.478222222222,206.58
"521","m","A68m","12","mole","A68",46.16544,7.17018,214.7,2,135.43125,142.205
"522","m","A68m","13",NA,"A68",46.16544,7.17018,271.57,1,96.995,63.42
"523","m","A68m","14","mole","A68",46.16544,7.17018,560.77,2,253.914744897959,254.695
"524","m","A98m","0","larvae","A98",46.11738,7.11739,480.11,1,331.169523809524,364.09
"525","m","A98m","1","larvae","A98",46.11738,7.11739,615.95,2,247.610196078431,227.35
"526","m","A98m","2","larvae","A98",46.11738,7.11739,175.69,2,139.960344827586,156.34
"527","m","A98m","3","larvae","A98",46.11738,7.11739,352.27,2,220.396666666667,304.09
"528","m","A98m","4","larvae","A98",46.11738,7.11739,292.27,2,179.922105263158,247.8
"529","m","A98m","5","larvae","A98",46.11738,7.11739,177.17,2,130.421666666667,161.36
"530","m","A98m","6","larvae","A98",46.11738,7.11739,175.32,2,118.766666666667,92.41
"531","m","A98m","7","larvae","A98",46.11738,7.11739,167.2,2,132.7875,162.91
"532","m","A98m","8","larvae","A98",46.11738,7.11739,674.28,2,395.2168,435.39
"533","m","A98m","9","larvae","A98",46.11738,7.11739,193.42,2,106.081111111111,112.97
"534","m","A98m","10","mole","A98",46.11738,7.11739,326.36,2,214.31875,289.695
"535","m","A98m","11","larvae","A98",46.11738,7.11739,501.04,2,325.366764705882,355.425
"536","m","A98m","12","larvae","A98",46.11738,7.11739,181.21,2,174.39,174.39
"537","m","A98m","13","larvae","A98",46.11738,7.11739,181.85,2,175.323333333333,174.26
"538","m","A98m","14","larvae","A98",46.11738,7.11739,173.3,2,106.995,106.995
"539","m","A98m","15","larvae","A98",46.11738,7.11739,39.05,2,39.05,39.05
"540","m","A98m","16","larvae","A98",46.11738,7.11739,180.7,2,179.375,179.375
"541","m","A98m","17","larvae","A98",46.11738,7.11739,175.09,2,175.09,175.09
"542","m","A98m","18","larvae","A98",46.11738,7.11739,152.31,2,97.455,109.185
"543","m","A98m","19","larvae","A98",46.11738,7.11739,166.94,2,152.03,152.03
"544","m","A98m","20","larvae","A98",46.11738,7.11739,153.92,2,148.636666666667,146.37
"545","m","A98m","21","larvae","A98",46.11738,7.11739,155.06,2,139.613333333333,150.51
"546","m","A98m","22","larvae","A98",46.11738,7.11739,142.71,2,133.93,138.92
"547","m","A98m","23","larvae","A98",46.11738,7.11739,154.33,2,128.902857142857,132.67
"548","m","A98m","24","larvae","A98",46.11738,7.11739,241.31,2,155.546666666667,193.92
"549","m","A98m","25","larvae","A98",46.11738,7.11739,165.57,2,165.57,165.57
"550","m","A98m","26","larvae","A98",46.11738,7.11739,68.85,2,50.495,50.495
"551","m","A98m","27","larvae","A98",46.11738,7.11739,186.82,2,112.26,112.26
"552","m","A98m","28","larvae","A98",46.11738,7.11739,11.54,2,11.54,11.54
"553","m","A98m","29","larvae","A98",46.11738,7.11739,183.67,2,156.59,156.59
"554","m","A98m","30","larvae","A98",46.11738,7.11739,205.54,2,145.283333333333,175.155
"555","m","A98m","31","larvae","A98",46.11738,7.11739,183.46,2,182.45,182.45
"556","m","A98m","32","larvae","A98",46.11738,7.11739,113.94,2,95.31,99.54
"557","m","A98m","33","larvae","A98",46.11738,7.11739,102.29,2,83.4566666666667,84.86
"558","m","A98m","34","larvae","A98",46.11738,7.11739,142.15,2,100.566666666667,131.94
"559","m","A98m","35","larvae","A98",46.11738,7.11739,105.25,2,94.1966666666667,102.47
"560","m","A98m","36","larvae","A98",46.11738,7.11739,141.28,2,88.345,92.535
"561","m","A98m","37","larvae","A98",46.11738,7.11739,200.84,2,124.946,109.57
"562","m","A98m","38","larvae","A98",46.11738,7.11739,194.16,2,184.993333333333,189.96
"563","m","A98m","39","larvae","A98",46.11738,7.11739,34.28,2,34.28,34.28
"564","m","A98m","40","larvae","A98",46.11738,7.11739,300.43,2,227.406,222.02
"565","m","A98m","41","larvae","A98",46.11738,7.11739,185.47,2,182.215,182.215
"566","m","A98m","42","larvae","A98",46.11738,7.11739,185.37,2,127.243333333333,178.12
"567","m","A98m","43","larvae","A98",46.11738,7.11739,188.58,2,102.11,109.65
"568","m","A98m","44","larvae","A98",46.11738,7.11739,176.07,2,176.07,176.07
"569","m","A98m","45","larvae","A98",46.11738,7.11739,197.31,2,186.535,183.81
"570","m","A98m","46","larvae","A98",46.11738,7.11739,134.29,2,134.29,134.29
"571","m","A98m","47","larvae","A98",46.11738,7.11739,194.5,2,163.671111111111,176.96
"572","m","A98m","48","larvae","A98",46.11738,7.11739,1044.57,2,565.35,531.705
"573","m","A98m","49","larvae","A98",46.11738,7.11739,214.64,2,121.725,128.79
"574","m","A98m","50","larvae","A98",46.11738,7.11739,192.47,2,99.12,94.235
"575","m","A98m","51","larvae","A98",46.11738,7.11739,137.53,2,96.0733333333333,136.61
"576","m","A98m","52","larvae","A98",46.11738,7.11739,168.99,2,168.99,168.99
"577","m","A98m","53","larvae","A98",46.11738,7.11739,202.72,2,202.72,202.72
"578","m","A98m","54","larvae","A98",46.11738,7.11739,195.2,2,144.925,189.955
"579","m","A98m","55","larvae","A98",46.11738,7.11739,194.92,2,95.9927272727273,40.42
"580","m","A98m","56","larvae","A98",46.11738,7.11739,197,2,92.7188888888889,28.08
"581","m","A98m","57","larvae","A98",46.11738,7.11739,185.36,2,124,180.01
"582","m","A98m","58","larvae","A98",46.11738,7.11739,187.57,2,98.3309090909091,81.01
"583","m","A98m","59","larvae","A98",46.11738,7.11739,196.07,2,112.985,112.985
"584","m","A98m","60","larvae","A98",46.11738,7.11739,187.47,2,187.47,187.47
"585","m","A98m","61","larvae","A98",46.11738,7.11739,202.45,2,197.02,197.02
"586","m","A98m","62","larvae","A98",46.11738,7.11739,192.51,2,128.11,151.46
"587","m","A98m","63","larvae","A98",46.11738,7.11739,171.16,2,170.595,170.595
"588","m","A98m","64","larvae","A98",46.11738,7.11739,172.2,2,118.083333333333,124.38
"589","m","A98m","65","larvae","A98",46.11738,7.11739,174.69,2,174.69,174.69
"590","m","A98m","66","larvae","A98",46.11738,7.11739,184.54,2,174.66,175.225
"591","m","A98m","67","larvae","A98",46.11738,7.11739,175.95,2,169.235,173.295
"592","m","A98m","68","larvae","A98",46.11738,7.11739,186.17,2,186.17,186.17
"593","m","A98m","69","larvae","A98",46.11738,7.11739,184.26,2,135.525,176.015
"594","m","A98m","70","larvae","A98",46.11738,7.11739,171.69,2,105.825,105.825
"595","m","A98m","71","larvae","A98",46.11738,7.11739,179.69,2,153.195,153.195
"596","m","A98m","72","larvae","A98",46.11738,7.11739,190.7,2,110.824166666667,108.35
"597","m","A98m","73","larvae","A98",46.11738,7.11739,197.61,2,185.677,184.54
"598","m","A98m","74","larvae","A98",46.11738,7.11739,145.2,2,145.2,145.2
"599","m","A98m","75","larvae","A98",46.11738,7.11739,169.19,2,142.836666666667,158.64
"600","m","A98m","76","larvae","A98",46.11738,7.11739,164.15,2,162.585,162.585
"601","m","A98m","77","larvae","A98",46.11738,7.11739,162.58,2,162.58,162.58
"602","m","A98m","78","larvae","A98",46.11738,7.11739,181.85,2,127.58,127.58
"603","m","A98m","79","larvae","A98",46.11738,7.11739,191.59,2,155.59,159.63
"604","m","A98m","80","larvae","A98",46.11738,7.11739,172.21,2,68.4466666666667,23.21
"605","m","A98m","81","larvae","A98",46.11738,7.11739,197.58,2,188.062857142857,187.2
"606","m","A98m","82","larvae","A98",46.11738,7.11739,187.07,2,148.83,182.05
"607","m","A98m","83","larvae","A98",46.11738,7.11739,227.36,2,183.8,181.485
"608","m","A98m","84","larvae","A98",46.11738,7.11739,202.03,2,125.042,200.11
"609","m","A98m","85","larvae","A98",46.11738,7.11739,548.93,2,466.276428571429,516.37
"610","m","B40m","0","mole","B40",46.166124,7.203089,214.95,1,90.5240869565217,76.05
"611","m","B40m","1","mole","B40",46.166124,7.203089,177.37,2,81.515,67.38
"612","m","B40m","2","mole","B40",46.166124,7.203089,187.57,2,105.855,107.165
"613","m","B40m","3","mole","B40",46.166124,7.203089,217.81,2,172.745714285714,202.88
"614","m","B40m","4","mole","B40",46.166124,7.203089,264.83,2,213.238846153846,217.71
"615","m","B40m","5","mole","B40",46.166124,7.203089,215,2,120.395,190.15
"616","m","B40m","6","mole","B40",46.166124,7.203089,263.79,2,176.13375,214.24
"617","m","B40m","7","mole","B40",46.166124,7.203089,223.39,2,128.835769230769,172.665
"618","m","B40m","8","mole","B40",46.166124,7.203089,186.73,2,139.485,182.67
"619","m","B40m","9","mole","B40",46.166124,7.203089,176.77,2,142.452,170.52
"620","m","B40m","10","mole","B40",46.166124,7.203089,273.37,2,191.713076923077,209.64
"621","m","B40m","11","mole","B40",46.166124,7.203089,244.54,2,196.034666666667,215.14
"622","m","B40m","12","mole","B40",46.166124,7.203089,223.28,2,193.616,193.94
"623","m","B40m","13","mole","B40",46.166124,7.203089,204.08,2,126.753333333333,140.69
"624","m","B40m","14","mole","B40",46.166124,7.203089,174.93,2,157.195,157.195
"625","m","B40m","15","mole","B40",46.166124,7.203089,189.78,2,148.024,163.54
"626","m","B40m","16","mole","B40",46.166124,7.203089,201.8,2,117.729230769231,167.61
"627","m","B40m","17","mole","B40",46.166124,7.203089,257.13,2,172.89,192.6
"628","m","B40m","18","mole","B40",46.166124,7.203089,188.54,2,115.775,127.745
"629","m","B40m","19","mole","B40",46.166124,7.203089,202.38,2,156.771428571429,193.55
"630","m","B40m","20","mole","B40",46.166124,7.203089,193.48,2,156.841875,166.905
"631","m","B40m","21","mole","B40",46.166124,7.203089,141.88,2,77.485,77.485
"632","m","B40m","22","mole","B40",46.166124,7.203089,191.94,2,166.435833333333,178.81
"633","m","B40m","23","mole","B40",46.166124,7.203089,166.56,2,130.142,157.895
"634","m","B40m","24","mole","B40",46.166124,7.203089,237.56,2,133.237142857143,186.665
"635","m","B40m","25","mole","B40",46.166124,7.203089,226.37,2,96.648,49.69
"636","m","B40m","26","mole","B40",46.166124,7.203089,140.52,2,46.92,18.195
"637","m","B40m","27","mole","B40",46.166124,7.203089,200.93,2,164.1125,192.785
"638","m","B40m","28","mole","B40",46.166124,7.203089,193,2,138.808888888889,159.2
"639","m","B40m","29","mole","B40",46.166124,7.203089,140.72,2,75.575,76.605
"640","m","B40m","30","mole","B40",46.166124,7.203089,210.93,2,110.072,174.63
"641","m","B40m","31","mole","B40",46.166124,7.203089,212.45,2,94.0985714285714,52.29
"642","m","B40m","32","mole","B40",46.166124,7.203089,215.42,2,106.276447368421,78.415
"643","m","B40m","33","mole","B40",46.166124,7.203089,222.05,2,153.1025,164.665
"644","m","B40m","34","mole","B40",46.166124,7.203089,231.17,2,184.933076923077,187.025
"645","m","B42m","0","larvae","B42",46.18089,7.24475,432.8,1,192.879333333333,186.9
"646","m","B42m","1","larvae","B42",46.18089,7.24475,234.75,2,157.460909090909,143.68
"647","m","B42m","2","spider","B42",46.18089,7.24475,243.95,2,168.782,218.59
"648","m","B42m","3","larvae","B42",46.18089,7.24475,139.06,2,134.995,134.995
"649","m","B42m","4","larvae","B42",46.18089,7.24475,259.15,2,163.365833333333,148.625
"650","m","B42m","5","larvae","B42",46.18089,7.24475,260.89,2,236.891428571429,238.87
"651","m","B42m","6","larvae","B42",46.18089,7.24475,256.88,2,233.343333333333,243.935
"652","m","B42m","7","larvae","B42",46.18089,7.24475,230.79,2,225.34,225.07
"653","m","B42m","8","larvae","B42",46.18089,7.24475,284.76,2,232.662941176471,250.8
"654","m","B42m","9","larvae","B42",46.18089,7.24475,141.75,2,112.1,131.17
"655","m","B42m","10","mole","B42",46.18089,7.24475,413.18,2,286.609268292683,335.81
"656","m","B42m","11",NA,"B42",46.18089,7.24475,236.82,2,138.384,112.32
"657","m","B42m","12","larvae","B42",46.18089,7.24475,274.44,2,227.79,225.55
"658","m","B42m","13",NA,"B42",46.18089,7.24475,2263.84,1,1327.741875,1835.985
"659","m","B42m","17",NA,"B42",46.18089,7.24475,2292.81,1,1604.68533333333,2239.075
"660","m","B42m","18","mole","B42",46.18089,7.24475,2281.32,2,1216.01606060606,1491.29
"661","m","B42m","19","larvae","B42",46.18089,7.24475,150.6,2,129.229090909091,128.92
"662","m","B42m","20","larvae","B42",46.18089,7.24475,162.01,2,128.117857142857,129.69
"663","m","B42m","21","mole","B42",46.18089,7.24475,2244.16,2,1029.64631578947,949.19
"664","m","B42m","22","larvae","B42",46.18089,7.24475,251.86,2,138.2875,114.27
"665","m","B42m","23",NA,"B42",46.18089,7.24475,2264.97,1,1183.38833333333,1120.02
"666","m","B42m","24","mole","B42",46.18089,7.24475,2292.27,2,1646.24666666667,1495.38
"667","m","B42m","25",NA,"B42",46.18089,7.24475,189.21,1,146.963333333333,169.22
"668","m","B9m","0","mole","B9",46.19927,7.27793,631.75,1,419.141176470588,469.91
"669","m","B9m","1","mole","B9",46.19927,7.27793,541.2,2,387.048773584906,431.935
"670","m","B9m","2","mole","B9",46.19927,7.27793,542.21,2,425.6992,417.37
"671","m","B9m","3","mole","B9",46.19927,7.27793,494.01,2,413.741818181818,424.69
"672","m","B9m","4","mole","B9",46.19927,7.27793,462.17,2,397.95,434.78
"673","m","B9m","5","mole","B9",46.19927,7.27793,461.71,2,391.453333333333,421.92
"674","m","B9m","6","mole","B9",46.19927,7.27793,499.7,2,443.615633802817,463.69
"675","m","B9m","7","mole","B9",46.19927,7.27793,455.88,2,379.498571428571,426.25
"676","m","B9m","8","mole","B9",46.19927,7.27793,452.21,2,358.9775,428.17
"677","m","B9m","9","mole","B9",46.19927,7.27793,453.63,2,421.30375,432.2
"678","m","B9m","10",NA,"B9",46.19927,7.27793,627.06,2,479.546198347107,514.8
"679","m","B9m","11",NA,"B9",46.19927,7.27793,535.45,2,436.649387755102,475.12
"680","m","B9m","12","mole","B9",46.19927,7.27793,539.63,2,424.510975609756,502.47
"681","m","B9m","13","mole","B9",46.19927,7.27793,485.65,2,392.012608695652,426.37
"682","m","D7m","0","mole","D7",46.25367,7.43016,584.52,1,170.030746268657,142.56
"683","m","D7m","1","mole","D7",46.25367,7.43016,74.83,2,47.07,47.07
"684","m","D7m","2","mole","D7",46.25367,7.43016,193.09,2,101.665,103.635
"685","m","D7m","3",NA,"D7",46.25367,7.43016,253.14,2,125.48,96.015
"686","m","D7m","4","mole","D7",46.25367,7.43016,458.68,2,222.469230769231,167.34
"687","m","D7m","5","larvae","D7",46.25367,7.43016,769.8,2,666.673333333333,664.76
"688","m","D7m","6","mole","D7",46.25367,7.43016,130.08,2,78.7368421052632,72.11
"689","m","D7m","7","mole","D7",46.25367,7.43016,321.95,2,249.501666666667,275.87
"690","m","D7m","8","mole","D7",46.25367,7.43016,103.67,2,53.74875,47.695
"691","m","D7m","9","mole","D7",46.25367,7.43016,522.04,2,174.483181818182,176.05
"692","m","D7m","10","mole","D7",46.25367,7.43016,72.12,2,44.95,47.01
"693","m","D7m","11","mole","D7",46.25367,7.43016,195.06,2,158.9675,158.81
"694","m","D7m","12","mole","D7",46.25367,7.43016,134.17,2,80.41,80.41
"695","m","D7m","13","mole","D7",46.25367,7.43016,188.82,2,116.804545454545,123.03
"696","m","D7m","14","larvae","D7",46.25367,7.43016,44.67,2,44.67,44.67
"697","m","D7m","15","mole","D7",46.25367,7.43016,143.96,2,72.5292857142857,64.825
"698","m","D7m","16","mole","D7",46.25367,7.43016,38.5,2,20.4271428571429,14.07
"699","m","D7m","17","mole","D7",46.25367,7.43016,36.34,2,25.08,23.5
"700","m","D7m","18","mole","D7",46.25367,7.43016,91.28,2,41.5124,37.57
"701","m","D7m","19","mole","D7",46.25367,7.43016,159.42,2,92.7884615384615,94.975
"702","m","D7m","20","mole","D7",46.25367,7.43016,172.93,2,115.26125,157.6
"703","m","D7m","21","mole","D7",46.25367,7.43016,70.34,2,54.3516666666667,59.595
"704","m","D7m","22","mole","D7",46.25367,7.43016,119.5,2,79.3727272727273,86.55
"705","m","D7m","23","mole","D7",46.25367,7.43016,331.75,2,164.983406593407,116.43
"706","m","D7m","24","mole","D7",46.25367,7.43016,115.61,2,66.484,56.7
"707","m","D7m","25","mole","D7",46.25367,7.43016,140.48,2,106.836,114.48
"708","m","D7m","26","mole","D7",46.25367,7.43016,64.5,2,54.06,55.1
"709","m","D7m","27","mole","D7",46.25367,7.43016,138.46,2,92.6884848484848,103.62
"710","m","D7m","28",NA,"D7",46.25367,7.43016,40.72,2,32.706,34.16
"711","m","D7m","29","larvae","D7",46.25367,7.43016,28.17,2,22.7066666666667,21.28
